date,vaccines,tests,confirmed,recovered,deaths,hosp,vent,icu,population,school_closing,workplace_closing,cancel_events,gatherings_restrictions,transport_closing,stay_home_restrictions,internal_movement_restrictions,international_movement_restrictions,information_campaigns,testing_policy,contact_tracing,stringency_index,iso_alpha_3,iso_alpha_2,iso_numeric,currency,administrative_area_level,administrative_area_level_1,administrative_area_level_2,administrative_area_level_3,latitude,longitude,key,key_google_mobility,key_apple_mobility,key_numeric,key_alpha_2
2020/3/4,0,325,55,0,1,0,0,0,39512223,0,0,0,0,0,0,0,3,1,1,1,13.89,USA,US,840,USN,2,United States,California,,36.58249626,-116.7043077,,California,California,6,CA
2020/3/5,0,508,67,0,1,0,0,0,39512223,0,0,0,0,0,0,0,3,1,1,1,13.89,USA,US,840,USN,2,United States,California,,36.58249626,-116.7043077,,California,California,6,CA
2020/3/6,0,715,81,0,1,0,0,0,39512223,0,0,0,0,0,0,0,3,1,1,1,13.89,USA,US,840,USN,2,United States,California,,36.58249626,-116.7043077,,California,California,6,CA
2020/3/7,0,1206,100,0,1,0,0,0,39512223,1,0,1,0,0,0,0,3,1,1,1,23.15,USA,US,840,USN,2,United States,California,,36.58249626,-116.7043077,,California,California,6,CA
2020/3/8,0,1382,112,0,1,0,0,0,39512223,1,0,1,0,0,0,0,3,1,1,1,23.15,USA,US,840,USN,2,United States,California,,36.58249626,-116.7043077,,California,California,6,CA
2020/3/9,0,1581,172,0,2,0,0,0,39512223,1,0,1,0,0,0,0,3,1,1,1,23.15,USA,US,840,USN,2,United States,California,,36.58249626,-116.7043077,,California,California,6,CA
2020/3/10,0,2082,179,0,3,0,0,0,39512223,1,0,1,0,0,0,0,3,1,1,1,23.15,USA,US,840,USN,2,United States,California,,36.58249626,-116.7043077,,California,California,6,CA
2020/3/11,0,2731,202,0,4,0,0,0,39512223,1,0,2,2,0,1,0,3,1,1,1,37.96,USA,US,840,USN,2,United States,California,,36.58249626,-116.7043077,,California,California,6,CA
2020/3/12,0,4224,252,0,4,0,0,0,39512223,1,1,2,2,0,1,0,3,1,1,1,41.67,USA,US,840,USN,2,United States,California,,36.58249626,-116.7043077,,California,California,6,CA
2020/3/13,0,5404,320,0,5,0,0,0,39512223,2,1,2,2,0,1,0,3,1,1,1,43.52,USA,US,840,USN,2,United States,California,,36.58249626,-116.7043077,,California,California,6,CA
2020/3/14,0,7191,381,0,5,0,0,0,39512223,2,1,2,2,0,1,0,3,1,1,1,43.52,USA,US,840,USN,2,United States,California,,36.58249626,-116.7043077,,California,California,6,CA
2020/3/15,0,8773,478,0,6,0,0,0,39512223,2,1,2,2,0,1,0,3,1,1,1,43.52,USA,US,840,USN,2,United States,California,,36.58249626,-116.7043077,,California,California,6,CA
2020/3/16,0,10874,588,0,11,0,0,0,39512223,2,1,2,4,0,1,1,3,2,1,1,60.19,USA,US,840,USN,2,United States,California,,36.58249626,-116.7043077,,California,California,6,CA
2020/3/17,0,13162,732,0,14,0,0,0,39512223,3,3,2,4,0,2,1,3,2,1,1,73.15,USA,US,840,USN,2,United States,California,,36.58249626,-116.7043077,,California,California,6,CA
2020/3/18,0,16063,893,0,17,0,0,0,39512223,3,3,2,4,0,2,1,3,2,1,1,73.15,USA,US,840,USN,2,United States,California,,36.58249626,-116.7043077,,California,California,6,CA
2020/3/19,0,19497,1067,0,19,0,0,0,39512223,3,3,2,4,0,2,2,3,2,1,1,82.41,USA,US,840,USN,2,United States,California,,36.58249626,-116.7043077,,California,California,6,CA
2020/3/20,0,25598,1283,0,24,0,0,0,39512223,3,3,2,4,0,2,2,3,2,1,1,82.41,USA,US,840,USN,2,United States,California,,36.58249626,-116.7043077,,California,California,6,CA
2020/3/21,0,31435,1544,0,28,0,0,0,39512223,3,3,2,4,0,2,2,3,2,1,1,82.41,USA,US,840,USN,2,United States,California,,36.58249626,-116.7043077,,California,California,6,CA
2020/3/22,0,40234,1851,0,35,0,0,0,39512223,3,3,2,4,0,2,2,3,2,1,1,82.41,USA,US,840,USN,2,United States,California,,36.58249626,-116.7043077,,California,California,6,CA
2020/3/23,0,46083,2240,0,39,0,0,0,39512223,3,3,2,4,0,2,2,3,2,1,1,82.41,USA,US,840,USN,2,United States,California,,36.58249626,-116.7043077,,California,California,6,CA
2020/3/24,0,55865,2644,0,52,0,0,0,39512223,3,3,2,4,0,2,2,3,2,1,1,82.41,USA,US,840,USN,2,United States,California,,36.58249626,-116.7043077,,California,California,6,CA
2020/3/25,0,65405,3183,0,68,0,0,0,39512223,3,3,2,4,0,2,2,3,2,1,1,82.41,USA,US,840,USN,2,United States,California,,36.58249626,-116.7043077,,California,California,6,CA
2020/3/26,0,77321,4060,0,83,0,0,0,39512223,3,3,2,4,0,2,2,3,2,1,1,82.41,USA,US,840,USN,2,United States,California,,36.58249626,-116.7043077,,California,California,6,CA
2020/3/27,0,90008,4915,0,104,0,0,0,39512223,3,3,2,4,0,2,2,3,2,1,1,82.41,USA,US,840,USN,2,United States,California,,36.58249626,-116.7043077,,California,California,6,CA
2020/3/28,0,102526,5566,0,122,0,0,0,39512223,3,3,2,4,0,2,2,3,2,1,1,82.41,USA,US,840,USN,2,United States,California,,36.58249626,-116.7043077,,California,California,6,CA
2020/3/29,0,112993,6321,0,132,0,0,0,39512223,3,3,2,4,0,2,2,3,2,1,1,82.41,USA,US,840,USN,2,United States,California,,36.58249626,-116.7043077,,California,California,6,CA
2020/3/30,0,123022,7421,0,147,0,0,0,39512223,3,3,2,4,0,2,2,3,2,1,1,82.41,USA,US,840,USN,2,United States,California,,36.58249626,-116.7043077,,California,California,6,CA
2020/3/31,0,134017,8583,0,184,0,0,0,39512223,3,3,2,4,0,2,2,3,2,1,1,82.41,USA,US,840,USN,2,United States,California,,36.58249626,-116.7043077,,California,California,6,CA
2020/4/1,0,148288,9857,0,212,0,0,0,39512223,3,3,2,4,0,2,2,3,2,1,1,82.41,USA,US,840,USN,2,United States,California,,36.58249626,-116.7043077,,California,California,6,CA
2020/4/2,0,163671,11190,0,247,0,0,0,39512223,3,3,2,4,0,2,2,3,2,1,1,82.41,USA,US,840,USN,2,United States,California,,36.58249626,-116.7043077,,California,California,6,CA
2020/4/3,0,177810,12569,0,282,3451,0,0,39512223,3,3,2,4,0,2,2,3,2,1,1,82.41,USA,US,840,USN,2,United States,California,,36.58249626,-116.7043077,,California,California,6,CA
2020/4/4,0,189876,13796,0,323,3449,0,0,39512223,3,3,2,4,0,2,2,3,2,1,1,82.41,USA,US,840,USN,2,United States,California,,36.58249626,-116.7043077,,California,California,6,CA
2020/4/5,0,200144,15202,0,351,3428,0,0,39512223,3,3,2,4,0,2,2,3,2,1,1,82.41,USA,US,840,USN,2,United States,California,,36.58249626,-116.7043077,,California,California,6,CA
2020/4/6,0,208712,16361,0,386,3357,0,0,39512223,3,3,2,4,0,2,2,3,2,1,1,82.41,USA,US,840,USN,2,United States,California,,36.58249626,-116.7043077,,California,California,6,CA
2020/4/7,0,233527,17540,0,447,3267,0,0,39512223,3,3,2,4,0,2,2,3,2,1,1,82.41,USA,US,840,USN,2,United States,California,,36.58249626,-116.7043077,,California,California,6,CA
2020/4/8,0,247686,19043,0,506,3473,0,0,39512223,3,3,2,4,0,2,2,3,2,1,1,82.41,USA,US,840,USN,2,United States,California,,36.58249626,-116.7043077,,California,California,6,CA
2020/4/9,0,260850,20191,0,548,3398,0,0,39512223,3,3,2,4,0,2,2,3,2,1,1,82.41,USA,US,840,USN,2,United States,California,,36.58249626,-116.7043077,,California,California,6,CA
2020/4/10,0,275847,21366,0,594,2963,0,0,39512223,3,3,2,4,0,2,2,3,2,1,1,82.41,USA,US,840,USN,2,United States,California,,36.58249626,-116.7043077,,California,California,6,CA
2020/4/11,0,289047,22421,0,632,2978,0,0,39512223,3,3,2,4,0,2,2,3,2,1,1,82.41,USA,US,840,USN,2,United States,California,,36.58249626,-116.7043077,,California,California,6,CA
2020/4/12,0,299863,23323,0,676,3068,0,0,39512223,3,3,2,4,0,2,2,3,2,1,1,82.41,USA,US,840,USN,2,United States,California,,36.58249626,-116.7043077,,California,California,6,CA
2020/4/13,0,309013,24334,0,725,2621,0,0,39512223,3,3,2,4,0,2,2,3,2,1,1,82.41,USA,US,840,USN,2,United States,California,,36.58249626,-116.7043077,,California,California,6,CA
2020/4/14,0,331012,25758,0,778,2556,0,0,39512223,3,3,2,4,0,2,2,3,2,1,1,82.41,USA,US,840,USN,2,United States,California,,36.58249626,-116.7043077,,California,California,6,CA
2020/4/15,0,344970,27107,0,885,2378,0,0,39512223,3,3,2,4,0,2,2,3,2,1,1,82.41,USA,US,840,USN,2,United States,California,,36.58249626,-116.7043077,,California,California,6,CA
2020/4/16,0,361915,28142,0,971,2384,0,0,39512223,3,3,2,4,0,2,2,3,2,1,1,82.41,USA,US,840,USN,2,United States,California,,36.58249626,-116.7043077,,California,California,6,CA
2020/4/17,0,378881,29398,0,1050,2212,0,0,39512223,3,3,2,4,0,2,2,3,2,1,1,82.41,USA,US,840,USN,2,United States,California,,36.58249626,-116.7043077,,California,California,6,CA
2020/4/18,0,395643,30829,0,1146,2501,0,0,39512223,3,3,2,4,0,2,2,3,2,1,1,82.41,USA,US,840,USN,2,United States,California,,36.58249626,-116.7043077,,California,California,6,CA
2020/4/19,0,411097,31544,0,1176,2353,0,0,39512223,3,3,2,4,0,2,2,3,2,2,1,82.41,USA,US,840,USN,2,United States,California,,36.58249626,-116.7043077,,California,California,6,CA
2020/4/20,0,423469,33862,0,1223,2229,0,0,39512223,3,3,2,4,0,2,2,3,2,2,1,82.41,USA,US,840,USN,2,United States,California,,36.58249626,-116.7043077,,California,California,6,CA
2020/4/21,0,442515,35844,0,1316,2172,0,0,39512223,3,3,2,4,0,2,2,3,2,2,1,82.41,USA,US,840,USN,2,United States,California,,36.58249626,-116.7043077,,California,California,6,CA
2020/4/22,0,464823,37573,0,1425,2071,0,0,39512223,3,3,2,4,0,2,2,3,2,2,1,82.41,USA,US,840,USN,2,United States,California,,36.58249626,-116.7043077,,California,California,6,CA
2020/4/23,0,486138,39534,0,1548,325,0,0,39512223,3,3,2,4,0,2,2,3,2,2,1,82.41,USA,US,840,USN,2,United States,California,,36.58249626,-116.7043077,,California,California,6,CA
2020/4/24,0,511895,41368,0,1619,306,0,0,39512223,3,3,2,4,0,2,2,3,2,2,1,82.41,USA,US,840,USN,2,United States,California,,36.58249626,-116.7043077,,California,California,6,CA
2020/4/25,0,536068,42590,0,1692,261,0,0,39512223,3,3,2,4,0,2,2,3,2,2,1,82.41,USA,US,840,USN,2,United States,California,,36.58249626,-116.7043077,,California,California,6,CA
2020/4/26,0,550357,43691,0,1716,255,0,0,39512223,3,3,2,4,0,2,2,3,2,2,1,82.41,USA,US,840,USN,2,United States,California,,36.58249626,-116.7043077,,California,California,6,CA
2020/4/27,0,567784,45208,0,1800,239,0,0,39512223,3,3,2,4,0,2,2,3,2,2,1,82.41,USA,US,840,USN,2,United States,California,,36.58249626,-116.7043077,,California,California,6,CA
2020/4/28,0,595351,46570,0,1884,209,0,0,39512223,3,3,2,4,0,2,2,3,2,2,1,82.41,USA,US,840,USN,2,United States,California,,36.58249626,-116.7043077,,California,California,6,CA
2020/4/29,0,621918,48904,0,1961,185,0,0,39512223,3,3,2,4,0,2,2,3,2,2,1,82.41,USA,US,840,USN,2,United States,California,,36.58249626,-116.7043077,,California,California,6,CA
2020/4/30,0,655202,50470,0,2057,160,0,0,39512223,3,3,2,4,0,2,2,3,2,2,1,82.41,USA,US,840,USN,2,United States,California,,36.58249626,-116.7043077,,California,California,6,CA
2020/5/1,0,691500,52318,0,2147,216,0,0,39512223,3,3,2,4,0,2,2,3,2,2,1,82.41,USA,US,840,USN,2,United States,California,,36.58249626,-116.7043077,,California,California,6,CA
2020/5/2,0,722724,53753,0,2213,236,0,0,39512223,3,3,2,4,0,2,2,3,2,2,1,82.41,USA,US,840,USN,2,United States,California,,36.58249626,-116.7043077,,California,California,6,CA
2020/5/3,0,748381,55072,0,2235,189,0,0,39512223,3,3,2,4,0,2,2,3,2,2,1,82.41,USA,US,840,USN,2,United States,California,,36.58249626,-116.7043077,,California,California,6,CA
2020/5/4,0,782131,56333,0,2297,165,0,0,39512223,3,3,2,4,0,2,2,3,2,2,1,82.41,USA,US,840,USN,2,United States,California,,36.58249626,-116.7043077,,California,California,6,CA
2020/5/5,0,817179,58848,0,2386,245,0,0,39512223,3,3,2,4,0,2,2,3,2,2,1,82.41,USA,US,840,USN,2,United States,California,,36.58249626,-116.7043077,,California,California,6,CA
2020/5/6,0,856592,60787,0,2478,313,0,0,39512223,3,3,2,4,0,2,2,3,2,2,1,82.41,USA,US,840,USN,2,United States,California,,36.58249626,-116.7043077,,California,California,6,CA
2020/5/7,0,899398,62481,0,2561,326,0,0,39512223,3,3,2,4,0,2,2,3,2,2,1,82.41,USA,US,840,USN,2,United States,California,,36.58249626,-116.7043077,,California,California,6,CA
2020/5/8,0,935396,64616,0,2650,171,0,0,39512223,3,2,2,4,0,1,1,3,2,2,1,67.59,USA,US,840,USN,2,United States,California,,36.58249626,-116.7043077,,California,California,6,CA
2020/5/9,0,974304,66824,0,2732,203,0,0,39512223,3,2,2,4,0,1,1,3,2,2,1,67.59,USA,US,840,USN,2,United States,California,,36.58249626,-116.7043077,,California,California,6,CA
2020/5/10,0,1006423,68051,0,2769,200,0,0,39512223,3,2,2,4,0,1,1,3,2,2,1,67.59,USA,US,840,USN,2,United States,California,,36.58249626,-116.7043077,,California,California,6,CA
2020/5/11,0,1042557,69514,0,2820,166,0,0,39512223,3,2,2,4,0,1,1,3,2,2,1,67.59,USA,US,840,USN,2,United States,California,,36.58249626,-116.7043077,,California,California,6,CA
2020/5/12,0,1079619,71150,0,2902,147,0,0,39512223,3,2,2,4,0,1,1,3,2,2,1,67.59,USA,US,840,USN,2,United States,California,,36.58249626,-116.7043077,,California,California,6,CA
2020/5/13,0,1124580,73218,0,3014,206,0,0,39512223,3,2,2,4,0,1,1,3,2,2,1,67.59,USA,US,840,USN,2,United States,California,,36.58249626,-116.7043077,,California,California,6,CA
2020/5/14,0,1174297,74947,0,3039,196,0,0,39512223,3,2,2,4,0,1,1,3,2,2,1,67.59,USA,US,840,USN,2,United States,California,,36.58249626,-116.7043077,,California,California,6,CA
2020/5/15,0,1230123,77015,0,3192,144,0,0,39512223,3,2,2,4,0,1,1,3,2,2,1,67.59,USA,US,840,USN,2,United States,California,,36.58249626,-116.7043077,,California,California,6,CA
2020/5/16,0,1274774,78933,0,3254,194,0,0,39512223,3,2,2,4,0,1,1,3,2,2,1,67.59,USA,US,840,USN,2,United States,California,,36.58249626,-116.7043077,,California,California,6,CA
2020/5/17,0,1309503,80366,0,3290,170,0,0,39512223,3,2,2,4,0,1,1,3,2,2,1,67.59,USA,US,840,USN,2,United States,California,,36.58249626,-116.7043077,,California,California,6,CA
2020/5/18,0,1342857,81943,0,3322,277,0,0,39512223,3,2,2,4,0,1,1,3,2,2,1,67.59,USA,US,840,USN,2,United States,California,,36.58249626,-116.7043077,,California,California,6,CA
2020/5/19,0,1388940,83981,0,3422,183,0,0,39512223,3,2,2,4,0,1,1,3,2,2,1,67.59,USA,US,840,USN,2,United States,California,,36.58249626,-116.7043077,,California,California,6,CA
2020/5/20,0,1441189,86125,0,3514,167,0,0,39512223,3,2,2,4,0,1,1,3,2,2,1,67.59,USA,US,840,USN,2,United States,California,,36.58249626,-116.7043077,,California,California,6,CA
2020/5/21,0,1502448,88488,0,3624,149,0,0,39512223,3,2,2,4,0,1,1,3,2,2,1,67.59,USA,US,840,USN,2,United States,California,,36.58249626,-116.7043077,,California,California,6,CA
2020/5/22,0,1573331,90801,0,3690,150,0,0,39512223,3,2,2,4,0,1,1,3,2,2,2,67.59,USA,US,840,USN,2,United States,California,,36.58249626,-116.7043077,,California,California,6,CA
2020/5/23,0,1628364,92815,0,3768,138,0,0,39512223,3,2,2,4,0,1,1,3,2,2,2,67.59,USA,US,840,USN,2,United States,California,,36.58249626,-116.7043077,,California,California,6,CA
2020/5/24,0,1679508,94743,0,3790,138,0,0,39512223,3,2,2,4,0,1,1,3,2,2,2,67.59,USA,US,840,USN,2,United States,California,,36.58249626,-116.7043077,,California,California,6,CA
2020/5/25,0,1729257,97017,0,3808,138,0,0,39512223,3,2,2,4,0,1,1,3,2,2,2,67.59,USA,US,840,USN,2,United States,California,,36.58249626,-116.7043077,,California,California,6,CA
2020/5/26,0,1782157,99924,0,3859,136,0,0,39512223,3,2,2,4,0,1,1,3,2,2,2,67.59,USA,US,840,USN,2,United States,California,,36.58249626,-116.7043077,,California,California,6,CA
2020/5/27,0,1834633,101873,0,3961,168,0,0,39512223,3,2,2,4,0,1,1,3,2,2,2,67.59,USA,US,840,USN,2,United States,California,,36.58249626,-116.7043077,,California,California,6,CA
2020/5/28,0,1898635,104071,0,4042,167,0,0,39512223,3,2,2,4,0,1,1,3,2,2,2,67.59,USA,US,840,USN,2,United States,California,,36.58249626,-116.7043077,,California,California,6,CA
2020/5/29,0,1966412,107043,0,4144,167,0,0,39512223,3,2,2,4,0,1,1,3,2,2,2,67.59,USA,US,840,USN,2,United States,California,,36.58249626,-116.7043077,,California,California,6,CA
2020/5/30,0,2022793,110100,0,4214,167,0,0,39512223,3,2,2,4,0,1,1,3,2,2,2,67.59,USA,US,840,USN,2,United States,California,,36.58249626,-116.7043077,,California,California,6,CA
2020/5/31,0,2078089,113114,0,4242,167,0,0,39512223,3,2,2,4,0,1,1,3,2,2,2,67.59,USA,US,840,USN,2,United States,California,,36.58249626,-116.7043077,,California,California,6,CA
2020/6/1,0,2134568,115643,0,4287,167,0,0,39512223,3,2,2,4,0,1,1,3,2,2,2,67.59,USA,US,840,USN,2,United States,California,,36.58249626,-116.7043077,,California,California,6,CA
2020/6/2,0,2188317,118081,0,4360,167,0,0,39512223,3,2,2,4,0,1,1,3,2,2,2,67.59,USA,US,840,USN,2,United States,California,,36.58249626,-116.7043077,,California,California,6,CA
2020/6/3,0,2251003,120407,0,4422,167,0,0,39512223,3,2,2,4,0,1,1,3,2,2,2,67.59,USA,US,840,USN,2,United States,California,,36.58249626,-116.7043077,,California,California,6,CA
2020/6/4,0,2319834,122917,0,4484,167,0,0,39512223,3,2,2,4,0,1,1,3,2,2,2,67.59,USA,US,840,USN,2,United States,California,,36.58249626,-116.7043077,,California,California,6,CA
2020/6/5,0,2387028,126510,0,4550,167,0,0,39512223,3,2,2,4,0,1,1,3,2,2,2,67.59,USA,US,840,USN,2,United States,California,,36.58249626,-116.7043077,,California,California,6,CA
2020/6/6,0,2451026,129147,0,4626,167,0,0,39512223,3,2,2,4,0,1,1,3,2,2,2,67.59,USA,US,840,USN,2,United States,California,,36.58249626,-116.7043077,,California,California,6,CA
2020/6/7,0,2506727,131997,0,4653,167,0,0,39512223,3,2,2,4,0,1,1,3,2,2,2,67.59,USA,US,840,USN,2,United States,California,,36.58249626,-116.7043077,,California,California,6,CA
2020/6/8,0,2559384,134287,0,4679,167,0,0,39512223,3,2,2,4,0,1,1,3,2,2,2,67.59,USA,US,840,USN,2,United States,California,,36.58249626,-116.7043077,,California,California,6,CA
2020/6/9,0,2623330,137245,0,4775,167,0,0,39512223,3,2,2,4,0,1,1,3,2,2,2,67.59,USA,US,840,USN,2,United States,California,,36.58249626,-116.7043077,,California,California,6,CA
2020/6/10,0,2696556,140139,0,4869,159,0,0,39512223,3,2,2,4,0,1,1,3,2,2,2,67.59,USA,US,840,USN,2,United States,California,,36.58249626,-116.7043077,,California,California,6,CA
2020/6/11,0,2775051,143709,0,4941,149,0,0,39512223,3,2,2,4,0,1,1,3,2,2,2,67.59,USA,US,840,USN,2,United States,California,,36.58249626,-116.7043077,,California,California,6,CA
2020/6/12,0,2850031,147285,0,4986,139,0,0,39512223,3,2,2,4,0,1,1,3,2,2,2,67.59,USA,US,840,USN,2,United States,California,,36.58249626,-116.7043077,,California,California,6,CA
2020/6/13,0,2922271,150434,0,5059,139,0,0,39512223,3,2,2,4,0,1,1,3,2,2,2,67.59,USA,US,840,USN,2,United States,California,,36.58249626,-116.7043077,,California,California,6,CA
2020/6/14,0,2983232,152953,0,5089,139,0,0,39512223,3,2,2,4,0,1,1,3,2,2,2,67.59,USA,US,840,USN,2,United States,California,,36.58249626,-116.7043077,,California,California,6,CA
2020/6/15,0,3047830,155662,0,5120,139,0,0,39512223,3,2,2,4,0,1,1,3,2,2,2,67.59,USA,US,840,USN,2,United States,California,,36.58249626,-116.7043077,,California,California,6,CA
2020/6/16,0,3125858,159131,0,5202,139,0,0,39512223,3,2,2,4,0,1,1,3,2,2,2,67.59,USA,US,840,USN,2,United States,California,,36.58249626,-116.7043077,,California,California,6,CA
2020/6/17,0,3207107,163381,0,5283,139,0,0,39512223,3,2,2,4,0,1,1,3,2,2,2,67.59,USA,US,840,USN,2,United States,California,,36.58249626,-116.7043077,,California,California,6,CA
2020/6/18,0,3287536,167135,0,5359,139,0,0,39512223,3,2,2,4,0,1,1,3,2,2,2,67.59,USA,US,840,USN,2,United States,California,,36.58249626,-116.7043077,,California,California,6,CA
2020/6/19,0,3372259,170843,0,5425,139,0,0,39512223,3,2,2,4,0,1,1,3,2,2,2,67.59,USA,US,840,USN,2,United States,California,,36.58249626,-116.7043077,,California,California,6,CA
2020/6/20,0,3444599,174854,0,5495,139,0,0,39512223,3,2,2,4,0,1,1,3,2,2,2,67.59,USA,US,840,USN,2,United States,California,,36.58249626,-116.7043077,,California,California,6,CA
2020/6/21,0,3511928,178807,0,5517,139,0,0,39512223,3,2,2,4,0,1,1,3,2,2,2,67.59,USA,US,840,USN,2,United States,California,,36.58249626,-116.7043077,,California,California,6,CA
2020/6/22,0,3578198,184620,0,5561,167,0,0,39512223,3,2,2,4,0,1,1,3,2,2,2,67.59,USA,US,840,USN,2,United States,California,,36.58249626,-116.7043077,,California,California,6,CA
2020/6/23,0,3657783,191039,0,5637,123,0,0,39512223,3,2,2,4,0,1,1,3,2,2,2,67.59,USA,US,840,USN,2,United States,California,,36.58249626,-116.7043077,,California,California,6,CA
2020/6/24,0,3749310,195889,0,5728,138,0,0,39512223,3,2,2,4,0,1,1,3,2,2,2,67.59,USA,US,840,USN,2,United States,California,,36.58249626,-116.7043077,,California,California,6,CA
2020/6/25,0,3842941,201413,0,5810,157,0,0,39512223,3,2,2,4,0,1,1,3,2,2,2,67.59,USA,US,840,USN,2,United States,California,,36.58249626,-116.7043077,,California,California,6,CA
2020/6/26,0,3942194,207027,0,5872,151,0,0,39512223,3,2,2,4,0,1,1,3,2,2,2,67.59,USA,US,840,USN,2,United States,California,,36.58249626,-116.7043077,,California,California,6,CA
2020/6/27,0,4033289,211453,0,5902,138,0,0,39512223,3,2,2,4,0,1,1,3,2,2,2,67.59,USA,US,840,USN,2,United States,California,,36.58249626,-116.7043077,,California,California,6,CA
2020/6/28,0,4112127,216955,0,5937,185,0,0,39512223,3,2,2,4,0,1,1,3,2,2,2,67.59,USA,US,840,USN,2,United States,California,,36.58249626,-116.7043077,,California,California,6,CA
2020/6/29,0,4192814,223995,0,5979,185,0,0,39512223,3,2,2,4,0,1,1,3,2,2,2,67.59,USA,US,840,USN,2,United States,California,,36.58249626,-116.7043077,,California,California,6,CA
2020/6/30,0,4294754,232153,0,6083,159,0,0,39512223,3,2,2,4,0,1,1,3,2,2,2,67.59,USA,US,840,USN,2,United States,California,,36.58249626,-116.7043077,,California,California,6,CA
2020/7/1,0,4398855,239764,0,6168,149,0,0,39512223,3,2,2,4,0,1,1,3,2,2,2,67.59,USA,US,840,USN,2,United States,California,,36.58249626,-116.7043077,,California,California,6,CA
2020/7/2,0,4512763,248198,0,6263,149,0,0,39512223,3,2,2,4,0,1,1,3,2,2,2,67.59,USA,US,840,USN,2,United States,California,,36.58249626,-116.7043077,,California,California,6,CA
2020/7/3,0,4609147,256298,0,6315,149,0,0,39512223,3,2,2,4,0,1,1,3,2,2,2,67.59,USA,US,840,USN,2,United States,California,,36.58249626,-116.7043077,,California,California,6,CA
2020/7/4,0,4689601,265176,0,6329,149,0,0,39512223,3,2,2,4,0,1,1,3,2,2,2,67.59,USA,US,840,USN,2,United States,California,,36.58249626,-116.7043077,,California,California,6,CA
2020/7/5,0,4765929,271587,0,6369,221,0,0,39512223,3,2,2,4,0,1,1,3,2,2,2,67.59,USA,US,840,USN,2,United States,California,,36.58249626,-116.7043077,,California,California,6,CA
2020/7/6,0,4849968,277869,0,6452,175,0,0,39512223,3,2,2,4,0,1,1,3,2,2,2,67.59,USA,US,840,USN,2,United States,California,,36.58249626,-116.7043077,,California,California,6,CA
2020/7/7,0,4945482,287766,0,6563,180,0,0,39512223,3,2,2,4,0,1,1,3,2,2,2,67.59,USA,US,840,USN,2,United States,California,,36.58249626,-116.7043077,,California,California,6,CA
2020/7/8,0,5055460,296304,0,6708,171,0,0,39512223,3,2,2,4,0,1,1,3,2,2,2,67.59,USA,US,840,USN,2,United States,California,,36.58249626,-116.7043077,,California,California,6,CA
2020/7/9,0,5176819,303516,0,6825,204,0,0,39512223,3,2,2,4,0,1,1,3,2,2,2,67.59,USA,US,840,USN,2,United States,California,,36.58249626,-116.7043077,,California,California,6,CA
2020/7/10,0,5309918,311505,0,6936,228,0,0,39512223,3,2,2,4,0,1,1,3,2,2,2,67.59,USA,US,840,USN,2,United States,California,,36.58249626,-116.7043077,,California,California,6,CA
2020/7/11,0,5420322,320030,0,7012,216,0,0,39512223,3,2,2,4,0,1,1,3,2,2,2,67.59,USA,US,840,USN,2,United States,California,,36.58249626,-116.7043077,,California,California,6,CA
2020/7/12,0,5509971,327676,0,7042,329,0,0,39512223,3,2,2,4,0,1,1,3,2,2,2,67.59,USA,US,840,USN,2,United States,California,,36.58249626,-116.7043077,,California,California,6,CA
2020/7/13,0,5633266,336206,0,7086,229,0,0,39512223,3,2,2,4,0,1,1,3,2,2,2,67.59,USA,US,840,USN,2,United States,California,,36.58249626,-116.7043077,,California,California,6,CA
2020/7/14,0,5757168,346593,0,7227,4151,0,0,39512223,3,2,2,4,0,1,1,3,2,2,2,67.59,USA,US,840,USN,2,United States,California,,36.58249626,-116.7043077,,California,California,6,CA
2020/7/15,0,5885963,355497,0,7368,6162,0,1151,39512223,3,2,2,4,0,1,1,3,2,2,2,67.59,USA,US,840,USN,2,United States,California,,36.58249626,-116.7043077,,California,California,6,CA
2020/7/16,0,6012523,364761,0,7490,6271,0,1254,39512223,3,2,2,4,0,1,1,3,2,2,2,67.59,USA,US,840,USN,2,United States,California,,36.58249626,-116.7043077,,California,California,6,CA
2020/7/17,0,6135885,374922,0,7607,6379,0,1321,39512223,3,2,2,4,0,1,1,3,2,2,2,67.59,USA,US,840,USN,2,United States,California,,36.58249626,-116.7043077,,California,California,6,CA
2020/7/18,0,6240938,383194,0,7697,6254,0,1287,39512223,3,2,2,4,0,1,1,3,2,2,2,67.59,USA,US,840,USN,2,United States,California,,36.58249626,-116.7043077,,California,California,6,CA
2020/7/19,0,6342412,391460,0,7710,6351,0,1177,39512223,3,2,2,4,0,1,1,3,2,2,2,67.59,USA,US,840,USN,2,United States,California,,36.58249626,-116.7043077,,California,California,6,CA
2020/7/20,0,6471460,400195,0,7764,6433,0,1385,39512223,3,2,2,4,0,1,1,3,2,2,2,67.59,USA,US,840,USN,2,United States,California,,36.58249626,-116.7043077,,California,California,6,CA
2020/7/21,0,6618379,410366,0,7883,6557,0,1420,39512223,3,2,2,4,0,1,1,3,2,2,2,67.59,USA,US,840,USN,2,United States,California,,36.58249626,-116.7043077,,California,California,6,CA
2020/7/22,0,6771860,422528,0,8038,8091,0,1477,39512223,3,2,2,4,0,1,1,3,2,2,2,67.59,USA,US,840,USN,2,United States,California,,36.58249626,-116.7043077,,California,California,6,CA
2020/7/23,0,6907196,433175,0,8190,8923,0,2178,39512223,3,2,2,4,0,1,1,3,2,2,2,67.59,USA,US,840,USN,2,United States,California,,36.58249626,-116.7043077,,California,California,6,CA
2020/7/24,0,7043747,443096,0,8325,8886,0,2287,39512223,3,2,2,4,0,1,1,3,2,2,2,67.59,USA,US,840,USN,2,United States,California,,36.58249626,-116.7043077,,California,California,6,CA
2020/7/25,0,7144456,453327,0,8428,8638,0,2190,39512223,3,2,2,4,0,1,1,3,2,2,2,67.59,USA,US,840,USN,2,United States,California,,36.58249626,-116.7043077,,California,California,6,CA
2020/7/26,0,7239968,459338,0,8451,8453,0,2153,39512223,3,2,2,4,0,1,1,3,2,2,2,67.59,USA,US,840,USN,2,United States,California,,36.58249626,-116.7043077,,California,California,6,CA
2020/7/27,0,7352424,467103,0,8544,8653,0,2147,39512223,3,2,2,4,0,1,1,3,2,2,2,67.59,USA,US,840,USN,2,United States,California,,36.58249626,-116.7043077,,California,California,6,CA
2020/7/28,0,7492455,474951,0,8716,8496,0,2264,39512223,3,2,2,4,0,1,1,3,2,2,2,67.59,USA,US,840,USN,2,United States,California,,36.58249626,-116.7043077,,California,California,6,CA
2020/7/29,0,7625747,486039,0,8884,8292,0,2126,39512223,3,2,2,4,0,1,1,3,2,2,2,67.59,USA,US,840,USN,2,United States,California,,36.58249626,-116.7043077,,California,California,6,CA
2020/7/30,0,7778014,494269,0,9009,8092,0,2139,39512223,3,2,2,4,0,1,1,3,2,2,2,67.59,USA,US,840,USN,2,United States,California,,36.58249626,-116.7043077,,California,California,6,CA
2020/7/31,0,7911373,502273,0,9222,7941,0,2098,39512223,3,2,2,4,0,1,1,3,2,2,2,67.59,USA,US,840,USN,2,United States,California,,36.58249626,-116.7043077,,California,California,6,CA
2020/8/1,0,8036613,509507,0,9365,8025,0,2068,39512223,3,2,2,4,0,1,1,3,2,2,2,67.59,USA,US,840,USN,2,United States,California,,36.58249626,-116.7043077,,California,California,6,CA
2020/8/2,0,8138946,515937,0,9399,7983,0,1787,39512223,3,2,2,4,0,1,1,3,2,2,2,67.59,USA,US,840,USN,2,United States,California,,36.58249626,-116.7043077,,California,California,6,CA
2020/8/3,0,8254092,522235,0,9500,7798,0,2072,39512223,3,2,2,4,0,1,1,3,2,2,2,67.59,USA,US,840,USN,2,United States,California,,36.58249626,-116.7043077,,California,California,6,CA
2020/8/4,0,8370522,527258,0,9696,7710,0,1944,39512223,3,2,2,4,0,1,1,3,2,2,2,67.59,USA,US,840,USN,2,United States,California,,36.58249626,-116.7043077,,California,California,6,CA
2020/8/5,0,8490546,532776,0,9866,7672,0,1988,39512223,3,2,2,4,0,1,1,3,2,2,2,67.59,USA,US,840,USN,2,United States,California,,36.58249626,-116.7043077,,California,California,6,CA
2020/8/6,0,8626753,541013,0,10014,7454,0,1946,39512223,3,2,2,4,0,1,1,3,2,2,2,67.59,USA,US,840,USN,2,United States,California,,36.58249626,-116.7043077,,California,California,6,CA
2020/8/7,0,8769174,548142,0,10197,7288,0,1952,39512223,3,2,2,4,0,1,1,3,2,2,2,65.74,USA,US,840,USN,2,United States,California,,36.58249626,-116.7043077,,California,California,6,CA
2020/8/8,0,8886984,556158,0,10299,7011,0,1905,39512223,3,2,2,4,0,1,1,3,2,2,2,65.74,USA,US,840,USN,2,United States,California,,36.58249626,-116.7043077,,California,California,6,CA
2020/8/9,0,8986724,563244,0,10365,6979,0,1753,39512223,3,2,2,4,0,1,1,3,2,2,2,65.74,USA,US,840,USN,2,United States,California,,36.58249626,-116.7043077,,California,California,6,CA
2020/8/10,0,9092078,574267,0,10460,7086,0,1796,39512223,3,2,2,4,0,1,1,3,2,2,2,65.74,USA,US,840,USN,2,United States,California,,36.58249626,-116.7043077,,California,California,6,CA
2020/8/11,0,9192701,586078,0,10654,6845,0,1834,39512223,3,2,2,4,0,1,1,3,2,2,2,65.74,USA,US,840,USN,2,United States,California,,36.58249626,-116.7043077,,California,California,6,CA
2020/8/12,0,9316419,595097,0,10808,6722,0,1767,39512223,3,2,2,4,0,1,1,3,2,2,2,65.74,USA,US,840,USN,2,United States,California,,36.58249626,-116.7043077,,California,California,6,CA
2020/8/13,0,9440324,603212,0,10995,6960,0,1679,39512223,3,2,2,4,0,1,1,3,2,2,2,65.74,USA,US,840,USN,2,United States,California,,36.58249626,-116.7043077,,California,California,6,CA
2020/8/14,0,9562284,613243,0,11146,6531,0,1808,39512223,3,2,2,4,0,1,1,3,2,2,2,65.74,USA,US,840,USN,2,United States,California,,36.58249626,-116.7043077,,California,California,6,CA
2020/8/15,0,9660227,621981,0,11229,6503,0,1824,39512223,3,2,2,4,0,1,1,3,2,2,2,65.74,USA,US,840,USN,2,United States,California,,36.58249626,-116.7043077,,California,California,6,CA
2020/8/16,0,9737580,628508,0,11245,6554,0,1634,39512223,3,2,2,4,0,1,1,3,2,2,2,65.74,USA,US,840,USN,2,United States,California,,36.58249626,-116.7043077,,California,California,6,CA
2020/8/17,0,9832668,634991,0,11334,6697,0,1712,39512223,3,2,2,4,0,1,1,3,2,2,2,65.74,USA,US,840,USN,2,United States,California,,36.58249626,-116.7043077,,California,California,6,CA
2020/8/18,0,9937732,640499,0,11523,6716,0,1691,39512223,3,2,2,4,0,1,1,3,2,2,2,65.74,USA,US,840,USN,2,United States,California,,36.58249626,-116.7043077,,California,California,6,CA
2020/8/19,0,10044310,646742,0,11686,6609,0,1620,39512223,3,2,2,4,0,1,1,3,2,2,2,65.74,USA,US,840,USN,2,United States,California,,36.58249626,-116.7043077,,California,California,6,CA
2020/8/20,0,10167709,653401,0,11801,6451,0,1590,39512223,3,2,2,4,0,1,1,3,2,3,2,65.74,USA,US,840,USN,2,United States,California,,36.58249626,-116.7043077,,California,California,6,CA
2020/8/21,0,10279489,659991,0,11984,6055,0,1667,39512223,3,2,2,4,0,1,1,3,2,3,2,65.74,USA,US,840,USN,2,United States,California,,36.58249626,-116.7043077,,California,California,6,CA
2020/8/22,0,10380964,665325,0,12137,5805,0,1575,39512223,3,2,2,4,0,1,1,3,2,3,2,65.74,USA,US,840,USN,2,United States,California,,36.58249626,-116.7043077,,California,California,6,CA
2020/8/23,0,10447958,669944,0,12152,5752,0,1554,39512223,3,2,2,4,0,1,1,3,2,3,2,65.74,USA,US,840,USN,2,United States,California,,36.58249626,-116.7043077,,California,California,6,CA
2020/8/24,0,10523454,676236,0,12250,5823,0,1547,39512223,3,2,2,4,0,1,1,3,2,3,2,65.74,USA,US,840,USN,2,United States,California,,36.58249626,-116.7043077,,California,California,6,CA
2020/8/25,0,10621013,682320,0,12409,5780,0,1466,39512223,3,2,2,4,0,1,1,3,2,3,2,65.74,USA,US,840,USN,2,United States,California,,36.58249626,-116.7043077,,California,California,6,CA
2020/8/26,0,10735218,687612,0,12547,5616,0,1478,39512223,3,2,2,4,0,1,1,3,2,2,2,65.74,USA,US,840,USN,2,United States,California,,36.58249626,-116.7043077,,California,California,6,CA
2020/8/27,0,10843036,692962,0,12696,5979,0,1211,39512223,3,2,2,4,0,1,1,3,2,2,2,65.74,USA,US,840,USN,2,United States,California,,36.58249626,-116.7043077,,California,California,6,CA
2020/8/28,0,10952768,698389,0,12836,5356,0,1375,39512223,3,2,2,4,0,1,1,3,2,2,2,64.35,USA,US,840,USN,2,United States,California,,36.58249626,-116.7043077,,California,California,6,CA
2020/8/29,0,11042209,702499,0,12906,5156,0,1368,39512223,3,2,2,4,0,1,1,3,2,2,2,64.35,USA,US,840,USN,2,United States,California,,36.58249626,-116.7043077,,California,California,6,CA
2020/8/30,0,11116685,706589,0,12939,5177,0,1297,39512223,3,2,2,4,0,1,1,3,2,2,2,64.35,USA,US,840,USN,2,United States,California,,36.58249626,-116.7043077,,California,California,6,CA
2020/8/31,0,11181443,712541,0,13020,5200,0,1324,39512223,3,2,2,4,0,1,1,3,2,2,2,64.35,USA,US,840,USN,2,United States,California,,36.58249626,-116.7043077,,California,California,6,CA
2020/9/1,0,11284656,716628,0,13149,5193,0,1322,39512223,3,2,2,4,0,1,1,3,2,2,2,64.35,USA,US,840,USN,2,United States,California,,36.58249626,-116.7043077,,California,California,6,CA
2020/9/2,0,11394371,722035,0,13330,4780,0,1264,39512223,3,2,2,4,0,1,1,3,2,2,2,64.35,USA,US,840,USN,2,United States,California,,36.58249626,-116.7043077,,California,California,6,CA
2020/9/3,0,11511086,727398,0,13497,4639,0,1222,39512223,3,2,2,4,0,1,1,3,2,2,2,64.35,USA,US,840,USN,2,United States,California,,36.58249626,-116.7043077,,California,California,6,CA
2020/9/4,0,11625188,732691,0,13644,4452,0,1241,39512223,3,2,2,4,0,1,1,3,2,2,2,64.35,USA,US,840,USN,2,United States,California,,36.58249626,-116.7043077,,California,California,6,CA
2020/9/5,0,11712776,737073,0,13708,4471,0,1203,39512223,3,2,2,4,0,1,1,3,2,2,2,64.35,USA,US,840,USN,2,United States,California,,36.58249626,-116.7043077,,California,California,6,CA
2020/9/6,0,11773182,740233,0,13730,4228,0,1234,39512223,3,2,2,4,0,1,1,3,2,2,2,64.35,USA,US,840,USN,2,United States,California,,36.58249626,-116.7043077,,California,California,6,CA
2020/9/7,0,11814607,742689,0,13763,4251,0,1223,39512223,3,2,2,4,0,1,1,3,2,2,2,64.35,USA,US,840,USN,2,United States,California,,36.58249626,-116.7043077,,California,California,6,CA
2020/9/8,0,11883862,746113,0,13843,4420,0,1244,39512223,3,2,2,4,0,1,1,3,2,2,2,64.35,USA,US,840,USN,2,United States,California,,36.58249626,-116.7043077,,California,California,6,CA
2020/9/9,0,11993594,749196,0,13990,4195,0,1196,39512223,3,2,2,4,0,1,1,3,2,2,2,64.35,USA,US,840,USN,2,United States,California,,36.58249626,-116.7043077,,California,California,6,CA
2020/9/10,0,12119507,753017,0,14094,4043,0,1179,39512223,3,2,2,4,0,1,1,3,2,2,2,64.35,USA,US,840,USN,2,United States,California,,36.58249626,-116.7043077,,California,California,6,CA
2020/9/11,0,12235470,757125,0,14265,3878,0,1142,39512223,3,2,2,4,0,1,1,3,2,2,2,64.35,USA,US,840,USN,2,United States,California,,36.58249626,-116.7043077,,California,California,6,CA
2020/9/12,0,12333110,760581,0,14333,3743,0,1078,39512223,3,2,2,4,0,1,1,3,2,2,2,64.35,USA,US,840,USN,2,United States,California,,36.58249626,-116.7043077,,California,California,6,CA
2020/9/13,0,12399453,763389,0,14386,3657,0,1039,39512223,3,2,2,4,0,1,1,3,2,2,2,64.35,USA,US,840,USN,2,United States,California,,36.58249626,-116.7043077,,California,California,6,CA
2020/9/14,0,12466652,767062,0,14458,3707,0,1044,39512223,3,2,2,4,0,1,1,3,2,2,2,64.35,USA,US,840,USN,2,United States,California,,36.58249626,-116.7043077,,California,California,6,CA
2020/9/15,0,12573778,769917,0,14606,3628,0,1040,39512223,3,2,2,4,0,1,1,3,2,2,2,64.35,USA,US,840,USN,2,United States,California,,36.58249626,-116.7043077,,California,California,6,CA
2020/9/16,0,12700170,773318,0,14716,3615,0,1007,39512223,3,2,2,4,0,1,1,3,2,2,2,64.35,USA,US,840,USN,2,United States,California,,36.58249626,-116.7043077,,California,California,6,CA
2020/9/17,0,12819691,776944,0,14807,3518,0,964,39512223,3,2,2,4,0,1,1,3,2,2,2,64.35,USA,US,840,USN,2,United States,California,,36.58249626,-116.7043077,,California,California,6,CA
2020/9/18,0,12939583,781436,0,14912,3454,0,962,39512223,3,2,2,4,0,1,1,3,2,2,2,64.35,USA,US,840,USN,2,United States,California,,36.58249626,-116.7043077,,California,California,6,CA
2020/9/19,0,13038889,785076,0,15023,3408,0,926,39512223,3,2,2,4,0,1,1,3,2,2,2,64.35,USA,US,840,USN,2,United States,California,,36.58249626,-116.7043077,,California,California,6,CA
2020/9/20,0,13113865,788077,0,15018,3445,0,962,39512223,3,2,2,4,0,1,1,3,2,2,2,64.35,USA,US,840,USN,2,United States,California,,36.58249626,-116.7043077,,California,California,6,CA
2020/9/21,0,13188687,792217,0,15069,3521,0,937,39512223,3,2,2,4,0,1,1,3,2,2,2,64.35,USA,US,840,USN,2,United States,California,,36.58249626,-116.7043077,,California,California,6,CA
2020/9/22,0,13300558,795077,0,15209,3553,0,930,39512223,3,2,2,4,0,1,1,3,2,3,2,64.35,USA,US,840,USN,2,United States,California,,36.58249626,-116.7043077,,California,California,6,CA
2020/9/23,0,13427674,798350,0,15313,3486,0,924,39512223,3,2,2,4,0,1,1,3,2,3,2,64.35,USA,US,840,USN,2,United States,California,,36.58249626,-116.7043077,,California,California,6,CA
2020/9/24,0,13546246,801671,0,15389,3291,0,903,39512223,3,2,2,4,0,1,1,3,2,3,2,64.35,USA,US,840,USN,2,United States,California,,36.58249626,-116.7043077,,California,California,6,CA
2020/9/25,0,13656239,805733,0,15533,3209,0,865,39512223,3,2,2,4,0,1,1,3,2,3,2,64.35,USA,US,840,USN,2,United States,California,,36.58249626,-116.7043077,,California,California,6,CA
2020/9/26,0,13740781,809214,0,15588,3131,0,866,39512223,3,2,2,4,0,1,1,3,2,3,2,64.35,USA,US,840,USN,2,United States,California,,36.58249626,-116.7043077,,California,California,6,CA
2020/9/27,0,13760842,811698,0,15608,3104,0,818,39512223,3,2,2,4,0,1,1,3,2,3,2,64.35,USA,US,840,USN,2,United States,California,,36.58249626,-116.7043077,,California,California,6,CA
2020/9/28,0,13760842,814796,0,15641,3189,0,826,39512223,3,2,2,4,0,1,1,3,2,3,2,64.35,USA,US,840,USN,2,United States,California,,36.58249626,-116.7043077,,California,California,6,CA
2020/9/29,0,13803652,817939,0,15791,3281,0,831,39512223,3,2,2,4,0,1,1,3,2,3,2,64.35,USA,US,840,USN,2,United States,California,,36.58249626,-116.7043077,,California,California,6,CA
2020/9/30,0,13897025,821125,0,15898,3234,0,811,39512223,3,2,2,4,0,1,1,3,2,3,2,64.35,USA,US,840,USN,2,United States,California,,36.58249626,-116.7043077,,California,California,6,CA
2020/10/1,0,14011250,824306,0,15989,3113,0,775,39512223,3,2,2,4,0,1,1,3,2,3,2,64.35,USA,US,840,USN,2,United States,California,,36.58249626,-116.7043077,,California,California,6,CA
2020/10/2,0,14107871,828364,0,16074,3063,0,776,39512223,3,2,2,4,0,1,1,3,2,3,2,64.35,USA,US,840,USN,2,United States,California,,36.58249626,-116.7043077,,California,California,6,CA
2020/10/3,0,14199466,831494,0,16122,3107,0,774,39512223,3,2,2,4,0,1,1,3,2,3,2,64.35,USA,US,840,USN,2,United States,California,,36.58249626,-116.7043077,,California,California,6,CA
2020/10/4,0,14224515,834635,0,16150,3150,0,790,39512223,3,2,2,4,0,1,1,3,2,3,2,64.35,USA,US,840,USN,2,United States,California,,36.58249626,-116.7043077,,California,California,6,CA
2020/10/5,0,14269504,837720,0,16179,3158,0,795,39512223,3,2,2,4,0,1,1,3,2,3,2,64.35,USA,US,840,USN,2,United States,California,,36.58249626,-116.7043077,,California,California,6,CA
2020/10/6,0,14385874,840322,0,16251,3201,0,792,39512223,3,2,2,4,0,1,1,3,2,3,2,64.35,USA,US,840,USN,2,United States,California,,36.58249626,-116.7043077,,California,California,6,CA
2020/10/7,0,14535309,843732,0,16358,3125,0,753,39512223,3,2,2,4,0,1,1,3,2,3,2,64.35,USA,US,840,USN,2,United States,California,,36.58249626,-116.7043077,,California,California,6,CA
2020/10/8,0,14680820,847384,0,16425,3320,0,741,39512223,3,2,2,4,0,1,1,3,2,3,2,64.35,USA,US,840,USN,2,United States,California,,36.58249626,-116.7043077,,California,California,6,CA
2020/10/9,0,14818129,851228,0,16502,3181,0,727,39512223,3,2,2,3,0,1,1,3,2,3,2,61.57,USA,US,840,USN,2,United States,California,,36.58249626,-116.7043077,,California,California,6,CA
2020/10/10,0,14926892,854302,0,16568,3192,0,724,39512223,3,2,2,3,0,1,1,3,2,3,2,61.57,USA,US,840,USN,2,United States,California,,36.58249626,-116.7043077,,California,California,6,CA
2020/10/11,0,15011149,857076,0,16581,3143,0,727,39512223,3,2,2,3,0,1,1,3,2,3,2,61.57,USA,US,840,USN,2,United States,California,,36.58249626,-116.7043077,,California,California,6,CA
2020/10/12,0,15047659,859959,0,16594,3148,0,748,39512223,3,2,2,3,0,1,1,3,2,3,2,61.57,USA,US,840,USN,2,United States,California,,36.58249626,-116.7043077,,California,California,6,CA
2020/10/13,0,15077315,863614,0,16650,3195,0,744,39512223,3,2,2,3,0,1,1,3,2,3,2,61.57,USA,US,840,USN,2,United States,California,,36.58249626,-116.7043077,,California,California,6,CA
2020/10/14,0,15119939,867094,0,16752,3134,0,695,39512223,3,2,2,3,0,1,1,3,2,3,2,61.57,USA,US,840,USN,2,United States,California,,36.58249626,-116.7043077,,California,California,6,CA
2020/10/15,0,15217095,870380,0,16839,3120,0,711,39512223,3,2,2,3,0,1,1,3,2,3,2,61.57,USA,US,840,USN,2,United States,California,,36.58249626,-116.7043077,,California,California,6,CA
2020/10/16,0,15342948,874101,0,16901,3106,0,739,39512223,3,2,2,3,0,1,1,3,2,3,2,61.57,USA,US,840,USN,2,United States,California,,36.58249626,-116.7043077,,California,California,6,CA
2020/10/17,0,15446533,876257,0,16940,3050,0,725,39512223,3,2,2,3,0,1,1,3,2,3,2,61.57,USA,US,840,USN,2,United States,California,,36.58249626,-116.7043077,,California,California,6,CA
2020/10/18,0,15501322,878394,0,16979,3118,0,764,39512223,3,2,2,3,0,1,1,3,2,3,2,61.57,USA,US,840,USN,2,United States,California,,36.58249626,-116.7043077,,California,California,6,CA
2020/10/19,0,15550532,882665,0,16987,3092,0,784,39512223,3,2,2,3,0,1,1,3,2,3,2,61.57,USA,US,840,USN,2,United States,California,,36.58249626,-116.7043077,,California,California,6,CA
2020/10/20,0,15632122,887093,0,17067,3041,0,757,39512223,3,2,2,3,0,1,1,3,2,3,2,61.57,USA,US,840,USN,2,United States,California,,36.58249626,-116.7043077,,California,California,6,CA
2020/10/21,0,15748345,890153,0,17189,3011,0,750,39512223,3,2,2,3,0,1,1,3,2,3,2,61.57,USA,US,840,USN,2,United States,California,,36.58249626,-116.7043077,,California,California,6,CA
2020/10/22,0,15895649,896424,0,17266,3004,0,757,39512223,3,2,2,3,0,1,1,3,2,3,2,61.57,USA,US,840,USN,2,United States,California,,36.58249626,-116.7043077,,California,California,6,CA
2020/10/23,0,16036604,902325,0,17316,2978,0,748,39512223,3,2,2,3,0,1,1,3,2,3,2,61.57,USA,US,840,USN,2,United States,California,,36.58249626,-116.7043077,,California,California,6,CA
2020/10/24,0,16143666,906644,0,17345,2928,0,721,39512223,3,2,2,3,0,1,1,3,2,3,2,61.57,USA,US,840,USN,2,United States,California,,36.58249626,-116.7043077,,California,California,6,CA
2020/10/25,0,16211601,909344,0,17358,2972,0,709,39512223,3,2,2,3,0,1,1,3,2,3,2,61.57,USA,US,840,USN,2,United States,California,,36.58249626,-116.7043077,,California,California,6,CA
2020/10/26,0,16266999,913699,0,17398,2997,0,770,39512223,3,2,2,3,0,1,1,3,2,3,2,61.57,USA,US,840,USN,2,United States,California,,36.58249626,-116.7043077,,California,California,6,CA
2020/10/27,0,16351577,918627,0,17478,2968,0,791,39512223,3,2,2,3,0,1,1,3,2,3,2,61.57,USA,US,840,USN,2,United States,California,,36.58249626,-116.7043077,,California,California,6,CA
2020/10/28,0,16466999,922680,0,17541,3066,0,796,39512223,3,2,2,3,0,1,1,3,2,3,2,58.8,USA,US,840,USN,2,United States,California,,36.58249626,-116.7043077,,California,California,6,CA
2020/10/29,0,16607486,926893,0,17567,3132,0,783,39512223,3,2,2,3,0,1,1,3,2,3,2,58.8,USA,US,840,USN,2,United States,California,,36.58249626,-116.7043077,,California,California,6,CA
2020/10/30,0,16758253,931826,0,17627,3217,0,789,39512223,3,2,2,3,0,1,1,3,2,3,2,58.8,USA,US,840,USN,2,United States,California,,36.58249626,-116.7043077,,California,California,6,CA
2020/10/31,0,16883636,935248,0,17661,3200,0,801,39512223,3,2,2,3,0,1,1,3,2,3,2,58.8,USA,US,840,USN,2,United States,California,,36.58249626,-116.7043077,,California,California,6,CA
2020/11/1,0,16980666,938883,0,17671,3223,0,821,39512223,3,2,2,3,0,1,1,3,2,3,2,58.8,USA,US,840,USN,2,United States,California,,36.58249626,-116.7043077,,California,California,6,CA
2020/11/2,0,17056779,944141,0,17700,3255,0,839,39512223,3,2,2,3,0,1,1,3,2,3,2,58.8,USA,US,840,USN,2,United States,California,,36.58249626,-116.7043077,,California,California,6,CA
2020/11/3,0,17154650,949383,0,17751,3396,0,909,39512223,3,2,2,3,0,1,1,3,2,3,2,58.8,USA,US,840,USN,2,United States,California,,36.58249626,-116.7043077,,California,California,6,CA
2020/11/4,0,17281062,954624,0,17818,3438,0,907,39512223,3,2,2,3,0,1,1,3,2,3,2,58.8,USA,US,840,USN,2,United States,California,,36.58249626,-116.7043077,,California,California,6,CA
2020/11/5,0,17450631,960884,0,17866,3466,0,910,39512223,3,2,2,3,0,1,1,3,2,3,2,58.8,USA,US,840,USN,2,United States,California,,36.58249626,-116.7043077,,California,California,6,CA
2020/11/6,0,17621628,967597,0,17939,3455,0,892,39512223,3,2,2,3,0,1,1,3,2,3,2,58.8,USA,US,840,USN,2,United States,California,,36.58249626,-116.7043077,,California,California,6,CA
2020/11/7,0,17761840,972801,0,17964,3542,0,909,39512223,3,2,2,3,0,1,1,3,2,3,2,58.8,USA,US,840,USN,2,United States,California,,36.58249626,-116.7043077,,California,California,6,CA
2020/11/8,0,17860592,978844,0,17975,3648,0,934,39512223,3,2,2,3,0,1,1,3,2,3,2,58.8,USA,US,840,USN,2,United States,California,,36.58249626,-116.7043077,,California,California,6,CA
2020/11/9,0,17947174,985598,0,18035,3807,0,973,39512223,3,2,2,3,0,1,1,3,2,3,2,58.8,USA,US,840,USN,2,United States,California,,36.58249626,-116.7043077,,California,California,6,CA
2020/11/10,0,18039067,994341,0,18073,3960,0,995,39512223,3,2,2,3,0,1,1,3,2,3,2,58.8,USA,US,840,USN,2,United States,California,,36.58249626,-116.7043077,,California,California,6,CA
2020/11/11,0,18171936,999498,0,18109,4008,0,1010,39512223,3,2,2,3,0,1,1,3,2,3,2,58.8,USA,US,840,USN,2,United States,California,,36.58249626,-116.7043077,,California,California,6,CA
2020/11/12,0,18341161,1009187,0,18141,4118,0,1029,39512223,3,2,2,3,0,1,1,3,2,3,2,58.8,USA,US,840,USN,2,United States,California,,36.58249626,-116.7043077,,California,California,6,CA
2020/11/13,0,18543118,1019052,0,18218,4207,0,1031,39512223,3,2,2,3,0,1,1,3,2,3,2,58.8,USA,US,840,USN,2,United States,California,,36.58249626,-116.7043077,,California,California,6,CA
2020/11/14,0,18709537,1027016,0,18254,4403,0,1100,39512223,3,2,2,3,0,1,1,3,2,3,2,58.8,USA,US,840,USN,2,United States,California,,36.58249626,-116.7043077,,California,California,6,CA
2020/11/15,0,18839535,1035981,0,18265,4568,0,1143,39512223,3,2,2,3,0,1,1,3,2,3,2,58.8,USA,US,840,USN,2,United States,California,,36.58249626,-116.7043077,,California,California,6,CA
2020/11/16,0,18993274,1047360,0,18304,4948,0,1199,39512223,3,2,2,3,0,1,1,3,2,3,2,58.8,USA,US,840,USN,2,United States,California,,36.58249626,-116.7043077,,California,California,6,CA
2020/11/17,0,19191038,1058096,0,18360,5029,0,1318,39512223,3,2,2,3,0,1,1,3,2,3,2,58.8,USA,US,840,USN,2,United States,California,,36.58249626,-116.7043077,,California,California,6,CA
2020/11/18,0,19424942,1069517,0,18467,5275,0,1252,39512223,3,2,2,3,0,1,1,3,2,3,2,58.8,USA,US,840,USN,2,United States,California,,36.58249626,-116.7043077,,California,California,6,CA
2020/11/19,0,19649202,1082674,0,18555,5432,0,1332,39512223,3,2,2,3,0,1,1,3,2,3,2,58.8,USA,US,840,USN,2,United States,California,,36.58249626,-116.7043077,,California,California,6,CA
2020/11/20,0,19884710,1096401,0,18649,5674,0,1324,39512223,3,2,2,3,0,1,1,3,2,3,2,58.8,USA,US,840,USN,2,United States,California,,36.58249626,-116.7043077,,California,California,6,CA
2020/11/21,0,20098452,1109844,0,18709,5879,0,1386,39512223,3,2,2,3,0,2,1,3,2,3,2,60.65,USA,US,840,USN,2,United States,California,,36.58249626,-116.7043077,,California,California,6,CA
2020/11/22,0,20278030,1118652,0,18726,6192,0,1443,39512223,3,2,2,3,0,2,1,3,2,3,2,60.65,USA,US,840,USN,2,United States,California,,36.58249626,-116.7043077,,California,California,6,CA
2020/11/23,0,20434459,1136467,0,18768,6540,0,1512,39512223,3,2,2,3,0,2,1,3,2,3,2,60.65,USA,US,840,USN,2,United States,California,,36.58249626,-116.7043077,,California,California,6,CA
2020/11/24,0,20642356,1153005,0,18875,6976,0,1548,39512223,3,2,2,3,0,2,1,3,2,3,2,60.65,USA,US,840,USN,2,United States,California,,36.58249626,-116.7043077,,California,California,6,CA
2020/11/25,0,20893423,1167149,0,18982,7136,0,1607,39512223,3,2,2,3,0,2,1,3,2,3,2,60.65,USA,US,840,USN,2,United States,California,,36.58249626,-116.7043077,,California,California,6,CA
2020/11/26,0,21091047,1176137,0,19025,7343,0,1712,39512223,3,2,2,3,0,2,1,3,2,3,2,60.65,USA,US,840,USN,2,United States,California,,36.58249626,-116.7043077,,California,California,6,CA
2020/11/27,0,21256126,1193071,0,19100,7637,0,1751,39512223,3,2,2,3,0,2,1,3,2,3,2,60.65,USA,US,840,USN,2,United States,California,,36.58249626,-116.7043077,,California,California,6,CA
2020/11/28,0,21394735,1206278,0,19132,8152,0,1810,39512223,3,2,2,3,0,2,1,3,2,3,2,60.65,USA,US,840,USN,2,United States,California,,36.58249626,-116.7043077,,California,California,6,CA
2020/11/29,0,21520778,1219496,0,19151,8493,0,1907,39512223,3,2,2,3,0,2,1,3,2,3,2,60.65,USA,US,840,USN,2,United States,California,,36.58249626,-116.7043077,,California,California,6,CA
2020/11/30,0,21716723,1237192,0,19209,8933,0,1990,39512223,3,2,2,4,0,2,1,3,2,3,2,63.43,USA,US,840,USN,2,United States,California,,36.58249626,-116.7043077,,California,California,6,CA
2020/12/1,0,21960143,1253867,0,19327,9177,0,2106,39512223,3,2,2,4,0,2,1,3,2,3,2,63.43,USA,US,840,USN,2,United States,California,,36.58249626,-116.7043077,,California,California,6,CA
2020/12/2,0,22216308,1272041,0,19440,9534,0,2130,39512223,3,2,2,4,0,2,1,3,2,3,2,63.43,USA,US,840,USN,2,United States,California,,36.58249626,-116.7043077,,California,California,6,CA
2020/12/3,0,22502192,1293887,0,19586,9837,0,2244,39512223,3,2,2,4,0,2,1,3,2,3,2,63.43,USA,US,840,USN,2,United States,California,,36.58249626,-116.7043077,,California,California,6,CA
2020/12/4,0,22783752,1318139,0,19791,10194,0,2267,39512223,3,2,2,4,0,2,1,3,2,3,2,63.43,USA,US,840,USN,2,United States,California,,36.58249626,-116.7043077,,California,California,6,CA
2020/12/5,0,23010787,1343145,0,19876,10547,0,2379,39512223,3,2,2,4,0,2,1,3,2,3,2,63.43,USA,US,840,USN,2,United States,California,,36.58249626,-116.7043077,,California,California,6,CA
2020/12/6,0,23213568,1371940,0,19937,10831,0,2450,39512223,3,2,2,4,0,2,1,3,2,3,2,63.43,USA,US,840,USN,2,United States,California,,36.58249626,-116.7043077,,California,California,6,CA
2020/12/7,0,23455988,1399167,0,20052,11374,0,2524,39512223,3,2,2,4,0,2,1,3,2,3,2,63.43,USA,US,840,USN,2,United States,California,,36.58249626,-116.7043077,,California,California,6,CA
2020/12/8,0,23692484,1425432,0,20238,11820,0,2607,39512223,3,2,2,4,0,2,1,3,2,3,2,63.43,USA,US,840,USN,2,United States,California,,36.58249626,-116.7043077,,California,California,6,CA
2020/12/9,0,23972181,1457214,0,20466,12446,0,2702,39512223,3,2,2,4,0,2,1,3,2,3,2,63.43,USA,US,840,USN,2,United States,California,,36.58249626,-116.7043077,,California,California,6,CA
2020/12/10,0,24291490,1491053,0,20636,12957,0,2752,39512223,3,2,2,4,0,2,1,3,2,3,2,63.43,USA,US,840,USN,2,United States,California,,36.58249626,-116.7043077,,California,California,6,CA
2020/12/11,0,24594548,1528177,0,20854,13366,0,2849,39512223,3,2,2,4,0,2,1,3,2,3,2,63.43,USA,US,840,USN,2,United States,California,,36.58249626,-116.7043077,,California,California,6,CA
2020/12/12,0,24846279,1554863,0,20958,13836,0,2909,39512223,3,2,2,4,0,2,1,3,2,3,2,63.43,USA,US,840,USN,2,United States,California,,36.58249626,-116.7043077,,California,California,6,CA
2020/12/13,0,25054023,1590670,0,21043,14478,0,3071,39512223,3,2,2,4,0,2,1,3,2,3,2,63.43,USA,US,840,USN,2,United States,California,,36.58249626,-116.7043077,,California,California,6,CA
2020/12/14,0,25301158,1620870,0,21196,14987,0,3192,39512223,3,2,2,4,0,2,1,3,2,3,2,63.43,USA,US,840,USN,2,United States,California,,36.58249626,-116.7043077,,California,California,6,CA
2020/12/15,0,25606750,1655086,0,21483,15768,0,3260,39512223,3,2,2,4,0,2,1,3,2,3,2,63.43,USA,US,840,USN,2,United States,California,,36.58249626,-116.7043077,,California,California,6,CA
2020/12/16,0,25888815,1716027,0,21881,16381,0,3357,39512223,3,2,2,4,0,2,1,3,2,3,2,63.43,USA,US,840,USN,2,United States,California,,36.58249626,-116.7043077,,California,California,6,CA
2020/12/17,0,26218429,1761341,0,22155,16868,0,3511,39512223,3,2,2,4,0,2,1,3,2,3,2,63.43,USA,US,840,USN,2,United States,California,,36.58249626,-116.7043077,,California,California,6,CA
2020/12/18,0,26565180,1809585,0,22496,17261,0,3589,39512223,3,2,2,4,0,2,1,3,2,3,2,63.43,USA,US,840,USN,2,United States,California,,36.58249626,-116.7043077,,California,California,6,CA
2020/12/19,0,26847246,1846943,0,22651,17557,0,3664,39512223,3,2,2,4,0,2,1,3,2,3,2,63.43,USA,US,840,USN,2,United States,California,,36.58249626,-116.7043077,,California,California,6,CA
2020/12/20,0,27071289,1889828,0,22736,18181,0,3726,39512223,3,2,2,4,0,2,1,3,2,3,2,63.43,USA,US,840,USN,2,United States,California,,36.58249626,-116.7043077,,California,California,6,CA
2020/12/21,0,27310464,1933083,0,22980,18596,0,3855,39512223,3,2,2,4,0,2,1,3,2,3,2,63.43,USA,US,840,USN,2,United States,California,,36.58249626,-116.7043077,,California,California,6,CA
2020/12/22,0,27578016,1968430,0,23254,19120,0,3934,39512223,3,2,2,4,0,2,1,3,2,3,2,63.43,USA,US,840,USN,2,United States,California,,36.58249626,-116.7043077,,California,California,6,CA
2020/12/23,0,27924452,2013188,0,23633,19618,0,4037,39512223,3,2,2,4,0,2,1,3,2,3,2,63.43,USA,US,840,USN,2,United States,California,,36.58249626,-116.7043077,,California,California,6,CA
2020/12/24,0,28237287,2047919,0,23944,19691,0,4017,39512223,3,2,2,4,0,2,1,3,2,3,2,63.43,USA,US,840,USN,2,United States,California,,36.58249626,-116.7043077,,California,California,6,CA
2020/12/25,0,28484515,2064691,0,23964,19592,0,4113,39512223,3,2,2,4,0,2,1,3,2,3,2,63.43,USA,US,840,USN,2,United States,California,,36.58249626,-116.7043077,,California,California,6,CA
2020/12/26,0,28683091,2129678,0,24221,19978,0,4199,39512223,3,2,2,4,0,2,1,3,2,3,2,63.43,USA,US,840,USN,2,United States,California,,36.58249626,-116.7043077,,California,California,6,CA
2020/12/27,0,28862705,2167233,0,24283,20522,0,4352,39512223,3,2,2,4,0,2,1,3,2,3,2,63.43,USA,US,840,USN,2,United States,California,,36.58249626,-116.7043077,,California,California,6,CA
2020/12/28,0,29076390,2208953,0,24529,20927,0,4360,39512223,3,2,2,4,0,2,1,3,2,3,2,63.43,USA,US,840,USN,2,United States,California,,36.58249626,-116.7043077,,California,California,6,CA
2020/12/29,0,29346268,2243119,0,24954,21125,0,4432,39512223,3,2,2,4,0,2,1,3,2,3,2,63.43,USA,US,840,USN,2,United States,California,,36.58249626,-116.7043077,,California,California,6,CA
2020/12/30,0,29697765,2275505,0,25391,21354,0,4489,39512223,3,2,2,4,0,2,2,3,2,3,2,66.2,USA,US,840,USN,2,United States,California,,36.58249626,-116.7043077,,California,California,6,CA
2020/12/31,0,30026486,2307769,0,25965,21233,0,4587,39512223,3,2,2,4,0,2,2,3,2,3,2,66.2,USA,US,840,USN,2,United States,California,,36.58249626,-116.7043077,,California,California,6,CA
2021/1/1,0,30266569,2345726,0,26236,21019,0,4551,39512223,3,2,2,4,0,2,2,3,2,3,2,66.2,USA,US,840,USN,2,United States,California,,36.58249626,-116.7043077,,California,California,6,CA
2021/1/2,0,30438009,2397923,0,26542,21385,0,4569,39512223,3,2,2,4,0,2,2,3,2,3,2,66.2,USA,US,840,USN,2,United States,California,,36.58249626,-116.7043077,,California,California,6,CA
2021/1/3,0,30624269,2433838,0,26635,21810,0,4645,39512223,3,2,2,4,0,2,2,3,2,3,2,66.2,USA,US,840,USN,2,United States,California,,36.58249626,-116.7043077,,California,California,6,CA
2021/1/4,0,30856530,2474561,0,26995,22211,0,4703,39512223,3,2,2,4,0,2,2,3,2,3,2,66.2,USA,US,840,USN,2,United States,California,,36.58249626,-116.7043077,,California,California,6,CA
2021/1/5,0,31145680,2511822,0,27486,22387,0,4692,39512223,3,2,2,4,0,2,2,3,2,3,2,66.2,USA,US,840,USN,2,United States,California,,36.58249626,-116.7043077,,California,California,6,CA
2021/1/6,0,31490511,2548494,0,28040,22635,0,4789,39512223,3,2,2,4,0,2,2,3,2,3,2,66.2,USA,US,840,USN,2,United States,California,,36.58249626,-116.7043077,,California,California,6,CA
2021/1/7,0,31833390,2588891,0,28552,22529,0,4837,39512223,3,2,2,4,0,2,2,3,2,3,2,66.2,USA,US,840,USN,2,United States,California,,36.58249626,-116.7043077,,California,California,6,CA
2021/1/8,0,32130206,2639814,0,29226,22359,0,4899,39512223,3,2,2,4,0,2,2,3,2,3,2,66.2,USA,US,840,USN,2,United States,California,,36.58249626,-116.7043077,,California,California,6,CA
2021/1/9,0,32358034,2687085,0,29699,22261,0,4925,39512223,3,2,2,4,0,2,2,3,2,3,2,66.2,USA,US,840,USN,2,United States,California,,36.58249626,-116.7043077,,California,California,6,CA
2021/1/10,0,32531215,2729525,0,30000,22359,0,4942,39512223,3,2,2,4,0,2,2,3,2,3,1,66.2,USA,US,840,USN,2,United States,California,,36.58249626,-116.7043077,,California,California,6,CA
2021/1/11,0,32756189,2770065,0,30381,22373,0,4937,39512223,3,2,2,4,0,2,2,3,2,3,1,66.2,USA,US,840,USN,2,United States,California,,36.58249626,-116.7043077,,California,California,6,CA
2021/1/12,816301,33021139,2815933,0,31105,22252,0,4898,39512223,3,2,2,4,0,2,2,3,2,3,1,66.2,USA,US,840,USN,2,United States,California,,36.58249626,-116.7043077,,California,California,6,CA
2021/1/13,891489,33380358,2857587,0,31653,22056,0,4842,39512223,3,2,2,4,0,2,2,3,2,3,1,66.2,USA,US,840,USN,2,United States,California,,36.58249626,-116.7043077,,California,California,6,CA
2021/1/14,975293,33751391,2898271,0,32246,21627,0,4845,39512223,3,2,2,4,0,2,2,3,2,3,1,66.2,USA,US,840,USN,2,United States,California,,36.58249626,-116.7043077,,California,California,6,CA
2021/1/15,1072959,34094306,2937376,0,32947,21428,0,4827,39512223,3,2,2,4,0,2,2,3,2,3,1,66.2,USA,US,840,USN,2,United States,California,,36.58249626,-116.7043077,,California,California,6,CA
2021/1/16,1072959,34322813,2974966,0,33393,20888,0,4793,39512223,3,2,2,4,0,2,2,3,2,3,1,66.2,USA,US,840,USN,2,United States,California,,36.58249626,-116.7043077,,California,California,6,CA
2021/1/17,1072959,34471397,3006583,0,33593,20808,0,4814,39512223,3,2,2,4,0,2,2,3,2,3,1,66.2,USA,US,840,USN,2,United States,California,,36.58249626,-116.7043077,,California,California,6,CA
2021/1/18,1072959,34629916,3032007,0,33742,20719,0,4759,39512223,3,2,2,4,0,2,2,3,2,3,1,66.2,USA,US,840,USN,2,United States,California,,36.58249626,-116.7043077,,California,California,6,CA
2021/1/19,1460430,34849916,3071119,0,34390,20540,0,4743,39512223,3,2,2,4,0,2,2,3,2,3,1,66.2,USA,US,840,USN,2,United States,California,,36.58249626,-116.7043077,,California,California,6,CA
2021/1/20,1532329,35138520,3090339,0,35001,20262,0,4794,39512223,3,2,2,4,0,2,2,3,2,3,1,66.2,USA,US,840,USN,2,United States,California,,36.58249626,-116.7043077,,California,California,6,CA
2021/1/21,1633875,35425710,3115911,0,35704,19683,0,4686,39512223,3,2,2,4,0,2,2,3,2,3,1,66.2,USA,US,840,USN,2,United States,California,,36.58249626,-116.7043077,,California,California,6,CA
2021/1/22,1803679,35704290,3140928,0,36326,19122,0,4572,39512223,3,2,2,4,0,2,2,3,2,3,1,66.2,USA,US,840,USN,2,United States,California,,36.58249626,-116.7043077,,California,California,6,CA
2021/1/23,2008220,35922843,3163932,0,36818,18463,0,4515,39512223,3,2,2,4,0,2,2,3,2,3,1,66.2,USA,US,840,USN,2,United States,California,,36.58249626,-116.7043077,,California,California,6,CA
2021/1/24,2199908,36064378,3185612,0,37118,18201,0,4460,39512223,3,2,2,4,0,2,2,3,2,3,1,66.2,USA,US,840,USN,2,United States,California,,36.58249626,-116.7043077,,California,California,6,CA
2021/1/25,2330633,36216583,3212488,0,37499,17817,0,4378,39512223,3,2,2,3,0,2,2,3,2,3,1,63.43,USA,US,840,USN,2,United States,California,,36.58249626,-116.7043077,,California,California,6,CA
2021/1/26,2446577,36446787,3234088,0,38221,17494,0,4351,39512223,3,2,2,3,0,2,2,3,2,3,1,63.43,USA,US,840,USN,2,United States,California,,36.58249626,-116.7043077,,California,California,6,CA
2021/1/27,2579666,36743278,3252716,0,38927,17002,0,4278,39512223,3,2,2,3,0,1,2,3,2,3,1,61.57,USA,US,840,USN,2,United States,California,,36.58249626,-116.7043077,,California,California,6,CA
2021/1/28,2746876,37008875,3272349,0,39527,16403,0,4231,39512223,3,2,2,3,0,1,2,3,2,3,1,61.57,USA,US,840,USN,2,United States,California,,36.58249626,-116.7043077,,California,California,6,CA
2021/1/29,2910562,37260941,3292084,0,40192,15926,0,4090,39512223,3,2,2,3,0,1,2,3,2,3,1,61.57,USA,US,840,USN,2,United States,California,,36.58249626,-116.7043077,,California,California,6,CA
2021/1/30,3095781,37482786,3309630,0,40694,15304,0,3990,39512223,3,2,2,3,0,1,2,3,2,3,1,61.57,USA,US,840,USN,2,United States,California,,36.58249626,-116.7043077,,California,California,6,CA
2021/1/31,3285351,37633961,3323613,0,40928,14921,0,3899,39512223,3,2,2,3,0,1,2,3,2,3,1,61.57,USA,US,840,USN,2,United States,California,,36.58249626,-116.7043077,,California,California,6,CA
2021/2/1,3453284,37788955,3341197,0,41284,14775,0,3865,39512223,3,2,2,3,0,1,2,3,2,3,1,61.57,USA,US,840,USN,2,United States,California,,36.58249626,-116.7043077,,California,California,6,CA
2021/2/2,3543817,38037876,3354039,0,41858,14359,0,3739,39512223,3,2,2,3,0,1,2,3,2,3,1,61.57,USA,US,840,USN,2,United States,California,,36.58249626,-116.7043077,,California,California,6,CA
2021/2/3,3671316,38302079,3366597,0,42434,14016,0,3711,39512223,3,2,2,3,0,1,2,3,2,3,1,61.57,USA,US,840,USN,2,United States,California,,36.58249626,-116.7043077,,California,California,6,CA
2021/2/4,3723803,38569650,3381278,0,43062,13514,0,3519,39512223,3,2,2,3,0,1,2,3,2,3,1,61.57,USA,US,840,USN,2,United States,California,,36.58249626,-116.7043077,,California,California,6,CA
2021/2/5,3920632,38826972,3395295,0,43631,12955,0,3449,39512223,3,2,2,3,0,1,2,3,2,3,1,61.57,USA,US,840,USN,2,United States,California,,36.58249626,-116.7043077,,California,California,6,CA
2021/2/6,4137600,39020844,3406890,0,43987,12305,0,3311,39512223,3,2,2,3,0,1,2,3,2,3,1,61.57,USA,US,840,USN,2,United States,California,,36.58249626,-116.7043077,,California,California,6,CA
2021/2/7,4485166,39149185,3417099,0,44152,11928,0,3263,39512223,3,2,2,3,0,1,2,3,2,3,1,61.57,USA,US,840,USN,2,United States,California,,36.58249626,-116.7043077,,California,California,6,CA
2021/2/8,4682862,39272690,3430685,0,44440,11648,0,3224,39512223,3,2,2,3,0,1,2,3,2,3,1,61.57,USA,US,840,USN,2,United States,California,,36.58249626,-116.7043077,,California,California,6,CA
2021/2/9,4784478,39436268,3441177,0,44973,11365,0,3102,39512223,3,2,2,3,0,1,2,3,2,3,1,61.57,USA,US,840,USN,2,United States,California,,36.58249626,-116.7043077,,California,California,6,CA
2021/2/10,4957297,39546566,3449774,0,45436,10961,0,2988,39512223,3,2,2,3,0,1,2,3,2,3,1,61.57,USA,US,840,USN,2,United States,California,,36.58249626,-116.7043077,,California,California,6,CA
2021/2/11,5134864,39661780,3460320,0,45976,10421,0,2882,39512223,3,2,2,3,0,1,2,3,2,3,1,61.57,USA,US,840,USN,2,United States,California,,36.58249626,-116.7043077,,California,California,6,CA
2021/2/12,5341104,39759933,3469853,0,46435,9897,0,2790,39512223,3,2,2,3,0,1,2,3,2,3,1,61.57,USA,US,840,USN,2,United States,California,,36.58249626,-116.7043077,,California,California,6,CA
2021/2/13,5562553,39819937,3479029,0,46865,9525,0,2708,39512223,3,2,2,3,0,1,2,3,2,3,1,61.57,USA,US,840,USN,2,United States,California,,36.58249626,-116.7043077,,California,California,6,CA
2021/2/14,5820388,39852567,3484984,0,47055,9233,0,2624,39512223,3,2,2,3,0,1,2,3,2,3,1,61.57,USA,US,840,USN,2,United States,California,,36.58249626,-116.7043077,,California,California,6,CA
2021/2/15,5820388,39891322,3489996,0,47115,8938,0,2578,39512223,3,2,2,3,0,1,2,3,2,3,1,61.57,USA,US,840,USN,2,United States,California,,36.58249626,-116.7043077,,California,California,6,CA
2021/2/16,6210992,40009460,3498760,0,47446,8705,0,2511,39512223,3,2,2,3,0,1,2,3,2,3,1,61.57,USA,US,840,USN,2,United States,California,,36.58249626,-116.7043077,,California,California,6,CA
2021/2/17,6323011,40201911,3505032,0,47902,8518,0,2398,39512223,3,2,2,3,0,1,2,3,2,3,1,61.57,USA,US,840,USN,2,United States,California,,36.58249626,-116.7043077,,California,California,6,CA
2021/2/18,6496140,40396034,3512881,0,48334,8117,0,2259,39512223,3,2,2,3,0,1,2,3,2,3,1,61.57,USA,US,840,USN,2,United States,California,,36.58249626,-116.7043077,,California,California,6,CA
2021/2/19,6964603,40581450,3520761,0,48794,7693,0,2136,39512223,3,2,2,3,0,1,2,3,2,3,1,61.57,USA,US,840,USN,2,United States,California,,36.58249626,-116.7043077,,California,California,6,CA
2021/2/20,7201713,40712222,3526828,0,49111,7245,0,2034,39512223,3,2,2,3,0,1,2,3,2,3,1,61.57,USA,US,840,USN,2,United States,California,,36.58249626,-116.7043077,,California,California,6,CA
2021/2/21,7453468,40802708,3531474,0,49340,7101,0,1976,39512223,3,2,2,3,0,1,2,3,2,3,1,61.57,USA,US,840,USN,2,United States,California,,36.58249626,-116.7043077,,California,California,6,CA
2021/2/22,7604725,40871052,3536446,0,49531,6796,0,1875,39512223,3,2,2,3,0,1,2,3,2,3,1,61.57,USA,US,840,USN,2,United States,California,,36.58249626,-116.7043077,,California,California,6,CA
2021/2/23,7728120,40951517,3542706,0,49869,6648,0,1824,39512223,3,2,2,3,0,1,2,3,2,3,1,61.57,USA,US,840,USN,2,United States,California,,36.58249626,-116.7043077,,California,California,6,CA
2021/2/24,7876011,40953455,3548559,0,50953,6475,0,1759,39512223,3,2,2,3,0,1,2,3,2,3,1,61.57,USA,US,840,USN,2,United States,California,,36.58249626,-116.7043077,,California,California,6,CA
2021/2/25,8064121,40953455,3554195,0,51385,6049,0,1697,39512223,3,2,2,3,0,1,2,3,2,3,1,61.57,USA,US,840,USN,2,United States,California,,36.58249626,-116.7043077,,California,California,6,CA
2021/2/26,8310945,40953455,3561086,0,51794,5766,0,1622,39512223,3,2,2,3,0,1,2,3,2,3,1,61.57,USA,US,840,USN,2,United States,California,,36.58249626,-116.7043077,,California,California,6,CA
2021/2/27,8566470,40953455,3565496,0,51979,5519,0,1553,39512223,3,2,2,3,0,1,2,3,2,3,1,61.57,USA,US,840,USN,2,United States,California,,36.58249626,-116.7043077,,California,California,6,CA
